image_id,file_path,label,source,split,status,md5_hash,verified_by,notes
BOOK_00028,dataset/raw/books/sample_028.jpg,books,open_subset,test,approved,0690ae08baf31c33d23bdbc362eee679,caohai3105,verified_intake
BOOK_00042,dataset/raw/books/sample_042.jpg,books,camera_direct,test,approved,2106e6e226a12c0a7840d35248ad1f04,caodinhbao,verified_intake
BOOK_00048,dataset/raw/books/sample_048.jpg,books,camera_direct,test,approved,253c6ecd347e7a09443fb3ce458e090a,caohai3105,verified_intake
BOOK_00015,dataset/raw/books/sample_015.jpg,books,camera_direct,test,approved,3c4203eaab29c2a1d31579ebfb7c41ee,caodinhnam,verified_intake
BOOK_00017,dataset/raw/books/sample_017.jpg,books,donor_upload,test,approved,4286a0b445792f1dfbe8b5eccb45229e,thanhson,verified_intake
BOOK_00009,dataset/raw/books/sample_009.jpg,books,camera_direct,test,approved,4985ed613e5b1091d8b682d564d696aa,thanhson,verified_intake
BOOK_00010,dataset/raw/books/sample_010.jpg,books,open_subset,test,approved,aee1104e858a0a72c1b70d5e6cfc7ced,caodinhbao,verified_intake
BOOK_00018,dataset/raw/books/sample_018.jpg,books,camera_direct,train,approved,060fc751582ea90da98cc937e5a65163,caodinhbao,verified_intake
BOOK_00043,dataset/raw/books/sample_043.jpg,books,open_subset,train,approved,08e272a6cc0531f2942ad885f9659d58,caodinhnam,verified_intake
BOOK_00036,dataset/raw/books/sample_036.jpg,books,camera_direct,train,approved,19cf10acaebcb7262da2d36089da32f5,caohai3105,verified_intake
BOOK_00006,dataset/raw/books/sample_006.jpg,books,camera_direct,train,approved,255af9f54a99d918fb2e6b87cde45623,caodinhbao,verified_intake
BOOK_00033,dataset/raw/books/sample_033.jpg,books,camera_direct,train,approved,2580c62dd131f4da19729a9fb429f84b,thanhson,verified_intake
BOOK_00050,dataset/raw/books/sample_050.jpg,books,donor_upload,train,approved,284b7ecbb7a7823c9b12ee98a4532b62,caodinhbao,verified_intake
BOOK_00030,dataset/raw/books/sample_030.jpg,books,camera_direct,train,approved,29bb0f970d9bf61f63e0da8528d5fa9e,caodinhbao,verified_intake
BOOK_00019,dataset/raw/books/sample_019.jpg,books,open_subset,train,approved,33c4b3e3e05883d0d67131eb1559fd15,caodinhnam,verified_intake
BOOK_00034,dataset/raw/books/sample_034.jpg,books,open_subset,train,approved,48444866c922c29e5e60170f3638d178,caodinhbao,verified_intake
BOOK_00021,dataset/raw/books/sample_021.jpg,books,camera_direct,train,approved,5479fec1a24d2a8377c928419107964d,thanhson,verified_intake
BOOK_00027,dataset/raw/books/sample_027.jpg,books,camera_direct,train,approved,597436235b1faf822b61c52e980a5433,caodinhnam,verified_intake
BOOK_00029,dataset/raw/books/sample_029.jpg,books,donor_upload,train,approved,5a5403350dd202333f8a7d59fa9107da,thanhson,verified_intake
BOOK_00014,dataset/raw/books/sample_014.jpg,books,donor_upload,train,approved,5c7e51a5af52611735dbeece6154e4e2,caodinhbao,verified_intake
BOOK_00046,dataset/raw/books/sample_046.jpg,books,open_subset,train,approved,5eaf46d1ffc45518aa6fea044993ce62,caodinhbao,verified_intake
BOOK_00047,dataset/raw/books/sample_047.jpg,books,donor_upload,train,approved,65b5fb5398f631df38c0739b039fe38a,caodinhnam,verified_intake
BOOK_00011,dataset/raw/books/sample_011.jpg,books,donor_upload,train,approved,6aa3f44e7aca566eec1a410381522eaa,caodinhnam,verified_intake
BOOK_00035,dataset/raw/books/sample_035.jpg,books,donor_upload,train,approved,6f15b3520627411a5360eab1af142a69,caodinhnam,verified_intake
BOOK_00040,dataset/raw/books/sample_040.jpg,books,open_subset,train,approved,70ab2eb5722998f2211dc234e797ba9f,caohai3105,verified_intake
BOOK_00023,dataset/raw/books/sample_023.jpg,books,donor_upload,train,approved,75cd7498e1d67e1e057bf27f935b2611,caodinhnam,verified_intake
BOOK_00020,dataset/raw/books/sample_020.jpg,books,donor_upload,train,approved,789c7ee5f81a57a3b3bb85206d971072,caohai3105,verified_intake
BOOK_00037,dataset/raw/books/sample_037.jpg,books,open_subset,train,approved,78e502162e66ac342ab09b825ee650e0,thanhson,verified_intake
BOOK_00005,dataset/raw/books/sample_005.jpg,books,donor_upload,train,approved,7d1e7e7243344f2feefde894666cfd4d,thanhson,verified_intake
BOOK_00016,dataset/raw/books/sample_016.jpg,books,open_subset,train,approved,8228e1e1dd83a2a2f45f0672afdec6d8,caohai3105,verified_intake
BOOK_00041,dataset/raw/books/sample_041.jpg,books,donor_upload,train,approved,8d0ab0d893c1f65f89d0a526bc321ec3,thanhson,verified_intake
BOOK_00045,dataset/raw/books/sample_045.jpg,books,camera_direct,train,approved,8e937a840fcd69df48332d206a8777c4,thanhson,verified_intake
BOOK_00003,dataset/raw/books/sample_003.jpg,books,camera_direct,train,approved,9110b32f22c4a2dd75fdc6aa9756602c,caodinhnam,verified_intake
BOOK_00039,dataset/raw/books/sample_039.jpg,books,camera_direct,train,approved,a2e09fc6cc0d5091ab3839614299cd05,caodinhnam,verified_intake
BOOK_00001,dataset/raw/books/sample_001.jpg,books,open_subset,train,approved,a74a6ad28dbcc1bec70bd15f95e952da,thanhson,verified_intake
BOOK_00012,dataset/raw/books/sample_012.jpg,books,camera_direct,train,approved,b8fba378a1728951f3d9c2409382efc1,caohai3105,verified_intake
BOOK_00013,dataset/raw/books/sample_013.jpg,books,open_subset,train,approved,bd1c703421ee09edf2d7722e19e70e9b,thanhson,verified_intake
BOOK_00031,dataset/raw/books/sample_031.jpg,books,open_subset,train,approved,c6b139a8cae6ca5a299c42aaccae81a6,caodinhnam,verified_intake
BOOK_00022,dataset/raw/books/sample_022.jpg,books,open_subset,train,approved,d183cf596ffa3d6ab02eb772fc54416e,caodinhbao,verified_intake
BOOK_00026,dataset/raw/books/sample_026.jpg,books,donor_upload,train,approved,d4d563b1571fcfa866ace393812037fe,caodinhbao,verified_intake
BOOK_00038,dataset/raw/books/sample_038.jpg,books,donor_upload,train,approved,da6b89820126540c3e3235fe2e590bd8,caodinhbao,verified_intake
BOOK_00024,dataset/raw/books/sample_024.jpg,books,camera_direct,train,approved,ef93843aaeacf5fc1739002b1aed1d3f,caohai3105,verified_intake
BOOK_00007,dataset/raw/books/sample_007.jpg,books,open_subset,val,approved,07635f7b2795e7cf90e8ee1cbc4bfe19,caodinhnam,verified_intake
BOOK_00049,dataset/raw/books/sample_049.jpg,books,open_subset,val,approved,1b1273827e9c03ec6d5346439cc228f3,thanhson,verified_intake
BOOK_00002,dataset/raw/books/sample_002.jpg,books,donor_upload,val,approved,1bd7950b65bb4730a88d55b368962d51,caodinhbao,verified_intake
BOOK_00032,dataset/raw/books/sample_032.jpg,books,donor_upload,val,approved,71afa727e7c43df9e52abfbe3b09ea36,caohai3105,verified_intake
BOOK_00044,dataset/raw/books/sample_044.jpg,books,donor_upload,val,approved,8e5acc600e9f19d896c4d79bc80eca7f,caohai3105,verified_intake
BOOK_00008,dataset/raw/books/sample_008.jpg,books,donor_upload,val,approved,99239a1239a7dd3d70a2cd906afa9817,caohai3105,verified_intake
BOOK_00025,dataset/raw/books/sample_025.jpg,books,open_subset,val,approved,ed17a1181c9b8d9574c465972f33ffb3,thanhson,verified_intake
BOOK_00004,dataset/raw/books/sample_004.jpg,books,open_subset,val,approved,f19611b2192e6a23311db788f2c47cd9,caohai3105,verified_intake
CLOT_00016,dataset/raw/clothing/sample_016.jpg,clothing,open_subset,test,approved,1caad290a4be4600e0365855b9ce4fd0,caohai3105,verified_intake
CLOT_00013,dataset/raw/clothing/sample_013.jpg,clothing,open_subset,test,approved,2f55bd6a056328ccfd29a6dc59a7fe7b,thanhson,verified_intake
CLOT_00018,dataset/raw/clothing/sample_018.jpg,clothing,camera_direct,test,approved,6ac788b0b65016d0ddcf56fc18a76e13,caodinhbao,verified_intake
CLOT_00005,dataset/raw/clothing/sample_005.jpg,clothing,donor_upload,test,approved,8143db5534c8a712bca85231678c03e2,thanhson,verified_intake
CLOT_00023,dataset/raw/clothing/sample_023.jpg,clothing,donor_upload,test,approved,b6527f05e1f775c485ab91d146d8c442,caodinhnam,verified_intake
CLOT_00040,dataset/raw/clothing/sample_040.jpg,clothing,open_subset,test,approved,bc26aff2e733aeb27b210e241b389109,caohai3105,verified_intake
CLOT_00019,dataset/raw/clothing/sample_019.jpg,clothing,open_subset,test,approved,cbf823cd81a16e7e07472b8b22d796e2,caodinhnam,verified_intake
CLOT_00009,dataset/raw/clothing/sample_009.jpg,clothing,camera_direct,train,approved,03675965d9f49e706038b66c9c0ff2d1,thanhson,verified_intake
CLOT_00031,dataset/raw/clothing/sample_031.jpg,clothing,open_subset,train,approved,0d6184b83af017d11cf039a6609d09a8,caodinhnam,verified_intake
CLOT_00046,dataset/raw/clothing/sample_046.jpg,clothing,open_subset,train,approved,15caaf2808ded23942c4036c5466c976,caodinhbao,verified_intake
CLOT_00042,dataset/raw/clothing/sample_042.jpg,clothing,camera_direct,train,approved,2d616949c484636d62976c674e4d8819,caodinhbao,verified_intake
CLOT_00036,dataset/raw/clothing/sample_036.jpg,clothing,camera_direct,train,approved,3bdd7246c8d87f7e98d2ccc4ed79f2ef,caohai3105,verified_intake
CLOT_00015,dataset/raw/clothing/sample_015.jpg,clothing,camera_direct,train,approved,48ef0e16132625b6fbad9597a90d2d33,caodinhnam,verified_intake
CLOT_00043,dataset/raw/clothing/sample_043.jpg,clothing,open_subset,train,approved,4dbf67c256f94d485eaa0f64b5393924,caodinhnam,verified_intake
CLOT_00041,dataset/raw/clothing/sample_041.jpg,clothing,donor_upload,train,approved,575dee15b0b5a3f3f13d517261faee17,thanhson,verified_intake
CLOT_00034,dataset/raw/clothing/sample_034.jpg,clothing,open_subset,train,approved,5b11baa2612e2d637178017348cf99c7,caodinhbao,verified_intake
CLOT_00035,dataset/raw/clothing/sample_035.jpg,clothing,donor_upload,train,approved,6845f4888a2e38578cf4dbe28e14d09e,caodinhnam,verified_intake
CLOT_00044,dataset/raw/clothing/sample_044.jpg,clothing,donor_upload,train,approved,687bd517ca0089725e9da23f56c34e19,caohai3105,verified_intake
CLOT_00001,dataset/raw/clothing/sample_001.jpg,clothing,open_subset,train,approved,698fa3645b8d6b4dc5b365a1bafb9ff6,thanhson,verified_intake
CLOT_00021,dataset/raw/clothing/sample_021.jpg,clothing,camera_direct,train,approved,6de9ebcb381d4d8fe0c8526f05c637b7,thanhson,verified_intake
CLOT_00022,dataset/raw/clothing/sample_022.jpg,clothing,open_subset,train,approved,7061418c31ecec4c72c0fce769c5f5bf,caodinhbao,verified_intake
CLOT_00012,dataset/raw/clothing/sample_012.jpg,clothing,camera_direct,train,approved,7d3dbd9614d6165729e8319692b7d803,caohai3105,verified_intake
CLOT_00010,dataset/raw/clothing/sample_010.jpg,clothing,open_subset,train,approved,7d616d24399dedd25953011675ab163a,caodinhbao,verified_intake
CLOT_00033,dataset/raw/clothing/sample_033.jpg,clothing,camera_direct,train,approved,82e2bfcbd1385006ef483f0654e00e89,thanhson,verified_intake
CLOT_00026,dataset/raw/clothing/sample_026.jpg,clothing,donor_upload,train,approved,86bb1ad3e1e8f41052d819f3d0d52eaa,caodinhbao,verified_intake
CLOT_00014,dataset/raw/clothing/sample_014.jpg,clothing,donor_upload,train,approved,921643dc6d8306feca1c4ee0470e09d6,caodinhbao,verified_intake
CLOT_00024,dataset/raw/clothing/sample_024.jpg,clothing,camera_direct,train,approved,9d2eaf5dbbf6a99e45e6020aabfc34b4,caohai3105,verified_intake
CLOT_00025,dataset/raw/clothing/sample_025.jpg,clothing,open_subset,train,approved,a6339a62ec370bde7b5cff2f47561a81,thanhson,verified_intake
CLOT_00004,dataset/raw/clothing/sample_004.jpg,clothing,open_subset,train,approved,aa554a2faad5869971d3b7df17d13b1f,caohai3105,verified_intake
CLOT_00047,dataset/raw/clothing/sample_047.jpg,clothing,donor_upload,train,approved,aab710c544c5763609be75067f9b9385,caodinhnam,verified_intake
CLOT_00006,dataset/raw/clothing/sample_006.jpg,clothing,camera_direct,train,approved,ae5d2c466a5288c99be4a7adcd53a7c5,caodinhbao,verified_intake
CLOT_00003,dataset/raw/clothing/sample_003.jpg,clothing,camera_direct,train,approved,affe2b1956370eb9f040eef639c5e873,caodinhnam,verified_intake
CLOT_00048,dataset/raw/clothing/sample_048.jpg,clothing,camera_direct,train,approved,c74c662d340e61c8b1acaaea901e4cc4,caohai3105,verified_intake
CLOT_00037,dataset/raw/clothing/sample_037.jpg,clothing,open_subset,train,approved,c7e9ab3a28fbb30c70cc7341e633ee18,thanhson,verified_intake
CLOT_00032,dataset/raw/clothing/sample_032.jpg,clothing,donor_upload,train,approved,d27d77d512d2bbd84042385b2a1ddeae,caohai3105,verified_intake
CLOT_00017,dataset/raw/clothing/sample_017.jpg,clothing,donor_upload,train,approved,d4117ce7bd6565f205ce7ce7dae9a3f3,thanhson,verified_intake
CLOT_00038,dataset/raw/clothing/sample_038.jpg,clothing,donor_upload,train,approved,d856d1138902debe82e56b9a51bf1617,caodinhbao,verified_intake
CLOT_00027,dataset/raw/clothing/sample_027.jpg,clothing,camera_direct,train,approved,e3ec0661458cd18b281dcfaf1165e5bc,caodinhnam,verified_intake
CLOT_00008,dataset/raw/clothing/sample_008.jpg,clothing,donor_upload,train,approved,e4666ac1e458ba9b21a5b0d0c34731ef,caohai3105,verified_intake
CLOT_00002,dataset/raw/clothing/sample_002.jpg,clothing,donor_upload,train,approved,e520fba7f5e173794a4268cd68ee8875,caodinhbao,verified_intake
CLOT_00029,dataset/raw/clothing/sample_029.jpg,clothing,donor_upload,train,approved,fa3ea7a8c892fbffe03841dc4b8a0d85,thanhson,verified_intake
CLOT_00039,dataset/raw/clothing/sample_039.jpg,clothing,camera_direct,train,approved,fd0198038c83e22134477fa9a77b6407,caodinhnam,verified_intake
CLOT_00020,dataset/raw/clothing/sample_020.jpg,clothing,donor_upload,val,approved,0dea046ee66a6474ed304b90bb60f21f,caohai3105,verified_intake
CLOT_00007,dataset/raw/clothing/sample_007.jpg,clothing,open_subset,val,approved,1b21e4134f8ccbc9c2145562574dbbad,caodinhnam,verified_intake
CLOT_00045,dataset/raw/clothing/sample_045.jpg,clothing,camera_direct,val,approved,5ad922f182694d435c1a63607fbfc49b,thanhson,verified_intake
CLOT_00049,dataset/raw/clothing/sample_049.jpg,clothing,open_subset,val,approved,5e390814f1fe02a6196e5a603091077b,thanhson,verified_intake
CLOT_00028,dataset/raw/clothing/sample_028.jpg,clothing,open_subset,val,approved,7f4e93804cda4f8d9ce6c150f5cb5fc0,caohai3105,verified_intake
CLOT_00030,dataset/raw/clothing/sample_030.jpg,clothing,camera_direct,val,approved,c59cb66f9d08a72d1a5dfa698fad07fb,caodinhbao,verified_intake
CLOT_00050,dataset/raw/clothing/sample_050.jpg,clothing,donor_upload,val,approved,c9182b5dc09dc685736a552b46ae7b30,caodinhbao,verified_intake
CLOT_00011,dataset/raw/clothing/sample_011.jpg,clothing,donor_upload,val,approved,dfd43aee6fbb243fcf27513c28b86fc5,caodinhnam,verified_intake
HOUS_00036,dataset/raw/household_items/sample_036.jpg,household_items,camera_direct,test,approved,4fa92fdd816e4d6c5b48379a915dc49b,caohai3105,verified_intake
HOUS_00009,dataset/raw/household_items/sample_009.jpg,household_items,camera_direct,test,approved,5d8c56dce74634e3c790f2a48275694d,thanhson,verified_intake
HOUS_00033,dataset/raw/household_items/sample_033.jpg,household_items,camera_direct,test,approved,955adedfff87ded58a6e72e4222b4c74,thanhson,verified_intake
HOUS_00034,dataset/raw/household_items/sample_034.jpg,household_items,open_subset,test,approved,b14b3faf7c19beb858e891570f4a33c9,caodinhbao,verified_intake
HOUS_00032,dataset/raw/household_items/sample_032.jpg,household_items,donor_upload,test,approved,d1938143f3604911cad694b0b28e84b9,caohai3105,verified_intake
HOUS_00049,dataset/raw/household_items/sample_049.jpg,household_items,open_subset,test,approved,d63d7002a696f0bde3cc1baf24df9b59,thanhson,verified_intake
HOUS_00021,dataset/raw/household_items/sample_021.jpg,household_items,camera_direct,test,approved,fa0282bd9dab6ef4d4c1fed4e0b737cf,thanhson,verified_intake
HOUS_00014,dataset/raw/household_items/sample_014.jpg,household_items,donor_upload,train,approved,058823aefe6d55cb6274ea0ba5d81044,caodinhbao,verified_intake
HOUS_00013,dataset/raw/household_items/sample_013.jpg,household_items,open_subset,train,approved,0aab3658dbacd56e2012d0ca16c2ebb1,thanhson,verified_intake
HOUS_00048,dataset/raw/household_items/sample_048.jpg,household_items,camera_direct,train,approved,1d7f6c2e7e97ec5db864c712b93a64ee,caohai3105,verified_intake
HOUS_00004,dataset/raw/household_items/sample_004.jpg,household_items,open_subset,train,approved,1e0f594468a148194a0a0a016e746530,caohai3105,verified_intake
HOUS_00046,dataset/raw/household_items/sample_046.jpg,household_items,open_subset,train,approved,21616efb9653656290ffb3e7e9510917,caodinhbao,verified_intake
HOUS_00044,dataset/raw/household_items/sample_044.jpg,household_items,donor_upload,train,approved,248b7675616d405206d41f8800ab9cb9,caohai3105,verified_intake
HOUS_00047,dataset/raw/household_items/sample_047.jpg,household_items,donor_upload,train,approved,286f12dc994ebfc7f835cdc1bef0949c,caodinhnam,verified_intake
HOUS_00005,dataset/raw/household_items/sample_005.jpg,household_items,donor_upload,train,approved,30874e8bbb11fbaff15539940b8e83aa,thanhson,verified_intake
HOUS_00018,dataset/raw/household_items/sample_018.jpg,household_items,camera_direct,train,approved,4822d19142dc77ac3e8a8d0d81bdff93,caodinhbao,verified_intake
HOUS_00002,dataset/raw/household_items/sample_002.jpg,household_items,donor_upload,train,approved,4c71a3e72ca8a319744bfd3994cba287,caodinhbao,verified_intake
HOUS_00040,dataset/raw/household_items/sample_040.jpg,household_items,open_subset,train,approved,4e53c1d6c8fc0fd2ecd7e1a266c0be46,caohai3105,verified_intake
HOUS_00008,dataset/raw/household_items/sample_008.jpg,household_items,donor_upload,train,approved,516bbadb8d92e0b7ede52b9cedfc1377,caohai3105,verified_intake
HOUS_00007,dataset/raw/household_items/sample_007.jpg,household_items,open_subset,train,approved,5917ffdffb4e55b4239c7580a2ae0f71,caodinhnam,verified_intake
HOUS_00011,dataset/raw/household_items/sample_011.jpg,household_items,donor_upload,train,approved,59cd623b4e5350e6083c52198a255b7f,caodinhnam,verified_intake
HOUS_00003,dataset/raw/household_items/sample_003.jpg,household_items,camera_direct,train,approved,5bf36e957b163f8d275dbf005f236600,caodinhnam,verified_intake
HOUS_00001,dataset/raw/household_items/sample_001.jpg,household_items,open_subset,train,approved,5e7335ae35dd2ddfa0ce4da4556c3b85,thanhson,verified_intake
HOUS_00012,dataset/raw/household_items/sample_012.jpg,household_items,camera_direct,train,approved,6def02f56ba553a108abc0decc10742d,caohai3105,verified_intake
HOUS_00030,dataset/raw/household_items/sample_030.jpg,household_items,camera_direct,train,approved,6eb1bbd2f107a32789c0537da01086f9,caodinhbao,verified_intake
HOUS_00029,dataset/raw/household_items/sample_029.jpg,household_items,donor_upload,train,approved,72102ea5b055ce2e4e9c4fae3c41d486,thanhson,verified_intake
HOUS_00039,dataset/raw/household_items/sample_039.jpg,household_items,camera_direct,train,approved,76cd8ca36a769132c17cc020f9e556f6,caodinhnam,verified_intake
HOUS_00043,dataset/raw/household_items/sample_043.jpg,household_items,open_subset,train,approved,7841f1b2d53f4361c8d7199b19f94435,caodinhnam,verified_intake
HOUS_00031,dataset/raw/household_items/sample_031.jpg,household_items,open_subset,train,approved,7866f4e53a96c8d79f36899a507fe6c3,caodinhnam,verified_intake
HOUS_00027,dataset/raw/household_items/sample_027.jpg,household_items,camera_direct,train,approved,890a12aef8ae91344f782a6333dbed82,caodinhnam,verified_intake
HOUS_00023,dataset/raw/household_items/sample_023.jpg,household_items,donor_upload,train,approved,9d3cf4f374efb4f120e457f5b4ec44dd,caodinhnam,verified_intake
HOUS_00028,dataset/raw/household_items/sample_028.jpg,household_items,open_subset,train,approved,a29be1f8e5b95810e58152953a316f18,caohai3105,verified_intake
HOUS_00015,dataset/raw/household_items/sample_015.jpg,household_items,camera_direct,train,approved,a903895616822d72631af8d1d452ea76,caodinhnam,verified_intake
HOUS_00020,dataset/raw/household_items/sample_020.jpg,household_items,donor_upload,train,approved,b1a8285606ca87c912b4d533cf509654,caohai3105,verified_intake
HOUS_00017,dataset/raw/household_items/sample_017.jpg,household_items,donor_upload,train,approved,b2b01d2e73874838fe08d34b2fe6b3cd,thanhson,verified_intake
HOUS_00022,dataset/raw/household_items/sample_022.jpg,household_items,open_subset,train,approved,c2178cff2037b6e1d83c44112e89c57e,caodinhbao,verified_intake
HOUS_00010,dataset/raw/household_items/sample_010.jpg,household_items,open_subset,train,approved,c45ca842d9192a50cef9bc2d8c29edf7,caodinhbao,verified_intake
HOUS_00006,dataset/raw/household_items/sample_006.jpg,household_items,camera_direct,train,approved,d2fcf5a41d02842239db71d39ca949a0,caodinhbao,verified_intake
HOUS_00025,dataset/raw/household_items/sample_025.jpg,household_items,open_subset,train,approved,d53461594135b37afd4444c99a4f1062,thanhson,verified_intake
HOUS_00038,dataset/raw/household_items/sample_038.jpg,household_items,donor_upload,train,approved,e67969a023ee734f82c0e67e307afb73,caodinhbao,verified_intake
HOUS_00016,dataset/raw/household_items/sample_016.jpg,household_items,open_subset,train,approved,e9f8bcd9230557abe308fc3b4960cc26,caohai3105,verified_intake
HOUS_00037,dataset/raw/household_items/sample_037.jpg,household_items,open_subset,train,approved,ed3ec566bd5177b75dcf781205bd9021,thanhson,verified_intake
HOUS_00050,dataset/raw/household_items/sample_050.jpg,household_items,donor_upload,val,approved,3955c65a299a1585f2358ed9af9d769e,caodinhbao,verified_intake
HOUS_00035,dataset/raw/household_items/sample_035.jpg,household_items,donor_upload,val,approved,3e7456c5ee7d066627db3dc74065d989,caodinhnam,verified_intake
HOUS_00019,dataset/raw/household_items/sample_019.jpg,household_items,open_subset,val,approved,541876c039165cf794af5dac9561bb97,caodinhnam,verified_intake
HOUS_00042,dataset/raw/household_items/sample_042.jpg,household_items,camera_direct,val,approved,541a3f8f2a8b3e4b6133538b4957369d,caodinhbao,verified_intake
HOUS_00024,dataset/raw/household_items/sample_024.jpg,household_items,camera_direct,val,approved,76036db544910460e7e56c8e5e9fa98f,caohai3105,verified_intake
HOUS_00041,dataset/raw/household_items/sample_041.jpg,household_items,donor_upload,val,approved,7aad5ab5b46395206ec2c5f97043b848,thanhson,verified_intake
HOUS_00026,dataset/raw/household_items/sample_026.jpg,household_items,donor_upload,val,approved,ad99da9da4b5244c1ef7b6a71a994d84,caodinhbao,verified_intake
HOUS_00045,dataset/raw/household_items/sample_045.jpg,household_items,camera_direct,val,approved,d56ccb4fc09d31978de4a096fa36b003,thanhson,verified_intake
